date,app_id,app_name,installs_display,min_installs,real_installs,score,ratings
2026-07-27,com.f1soft.esewa,eSewa - Mobile Wallet (Nepal),"10,000,000+",10000000,17078292,4.2795715,90946
2026-07-27,com.khalti,Khalti,"5,000,000+",5000000,6812434,3.6893086,27930
2026-07-27,com.esewa.merchant,eSewa Business,"100,000+",100000,255386,3.57,339
2026-07-28,com.f1soft.esewa,eSewa - Mobile Wallet (Nepal),"10,000,000+",10000000,17078292,4.2795715,90973
2026-07-28,com.khalti,Khalti,"5,000,000+",5000000,6812434,3.6893086,27930
2026-07-28,com.esewa.merchant,eSewa Business,"100,000+",100000,255386,3.57,339
2026-07-29,com.f1soft.esewa,eSewa - Mobile Wallet (Nepal),"10,000,000+",10000000,17078292,4.285941,91132
2026-07-29,com.khalti,Khalti,"5,000,000+",5000000,6812434,3.6776156,27941
2026-07-29,com.esewa.merchant,eSewa Business,"100,000+",100000,255386,3.57,339
